epoch,env_steps,avg_ep_return,avg_ep_len,success_rate,avg_final_goal_dist,avg_min_goal_dist,policy_loss,value_loss,entropy,loss
1,4096,-6.713381481707923,33.13223140495868,0.9008264462809917,0.020002064306658407,0.01726790868931196,-0.018445595615776255,5.7287860959768295,1.5213341049849987,5.710340502858162
2,8192,-5.6443050646592425,28.73049645390071,0.8936170212765957,0.019851036171646828,0.017015130371383743,-0.015856401831842958,5.621575945615769,1.5152788944542408,5.605719542503357
3,12288,-4.478673472723259,24.14792899408284,0.9408284023668639,0.017573102746577658,0.016190493258939693,-0.012479257910551192,5.517334034045537,1.510147934158643,5.504854788382848
4,16384,-3.473521075702304,19.564593301435405,0.9665071770334929,0.016194256338954827,0.015561494000398657,-0.013281556332367472,5.496689218282699,1.5077275186777115,5.483407658338547
5,20480,-3.900324158819959,21.49473684210526,0.9315789473684211,0.017594175480649267,0.016306160683253485,-0.011025690587121061,5.361246937513352,1.503734402358532,5.350221240520478
