epoch,env_steps,avg_ep_return,avg_ep_len,success_rate,avg_final_goal_dist,avg_min_goal_dist,policy_loss,value_loss,entropy,loss
1,4096,0.00448775230364483,3.629432624113475,0.99822695035461,0.03726828371171331,0.03712172795777335,-0.013126251327776117,1.2526018102653325,1.443876643665135,1.2394755575805902
2,8192,0.08701717236595331,3.3815028901734103,1.0,0.03729311520007649,0.03729311520007649,-0.013425482960883528,0.04968444211408496,1.4423410817980766,0.03625895985169336
3,12288,0.03928704020182646,3.5128644939965694,0.9982847341337907,0.037038621933584454,0.03687694266048702,-0.009561533544911072,1.2275618854910135,1.4409917756915092,1.2180003544315696
4,16384,0.07320783022593949,3.4111759799833195,0.9991659716430359,0.03709670385226197,0.03704625598657519,-0.006294531493040267,0.6625697857234627,1.441096594557166,0.6562752547906712
5,20480,0.06974757514189932,3.4420168067226893,0.9991596638655462,0.03674629666928609,0.03671593687129246,-0.010299579598358833,0.7214801051653922,1.438783521205187,0.7111805261578411
