epoch,env_steps,avg_ep_return,avg_ep_len,success_rate,avg_final_goal_dist,avg_min_goal_dist,policy_loss,value_loss,entropy,loss
1,4096,-5.449996542397881,27.79861111111111,0.9166666666666666,0.017677044877523765,0.0163724937204582,-0.015840702153218443,5.537002846598625,1.645603856444359,5.521162155270576
2,8192,-4.364134891983408,23.6242774566474,0.9364161849710982,0.01662877181509908,0.015540908386182535,-0.014279391412856057,5.307590535283088,1.6411369495093822,5.29331111907959
3,12288,-4.221387711286692,23.096045197740114,0.9491525423728814,0.016945738141493357,0.015896447682963673,-0.012455791793763637,5.257978335022926,1.6357061624526978,5.245522552728653
4,16384,-3.521329020782191,19.77294685990338,0.9565217391304348,0.016869000420154292,0.01595790038596173,-0.014243055754923262,5.038763719797134,1.6298248782753944,5.024520665407181
5,20480,-3.9374847936543613,22.032608695652176,0.9510869565217391,0.016987405583242198,0.01607675558593853,-0.01069841584248934,4.874303695559502,1.6249486319720745,4.863605272769928
