epoch,env_steps,avg_ep_return,avg_ep_len,success_rate,avg_final_goal_dist,avg_min_goal_dist,policy_loss,value_loss,entropy,loss
1,4096,-0.9939545607184358,6.950764006791172,1.0,0.04223405282805296,0.04223405282805296,-0.016847071470692754,2.030844540645679,1.5065606360634167,2.0139974703391395
2,8192,-0.7838783159567114,6.2629969418960245,0.9984709480122325,0.041586155369479086,0.041549926027029026,-0.0178717233822681,1.7490621700882911,1.5010858438909054,1.7311904400587081
3,12288,-0.6789920954401143,5.907647907647908,1.0,0.041034974149746814,0.041034974149746814,-0.010759273995063268,1.0415847720578313,1.4963157661259174,1.0308254985138774
4,16384,-0.6347760237804282,5.720670391061453,0.9972067039106145,0.041503309927797515,0.041355999223055454,-0.015539415048988304,1.878632117062807,1.4927645541727543,1.8630927041172982
5,20480,-0.5699783035029907,5.533783783783784,0.9986486486486487,0.04059731730989911,0.04054321805015206,-0.016574314126046374,1.075408548116684,1.487747275829315,1.0588342353701592
