epoch,env_steps,avg_ep_return,avg_ep_len,success_rate,avg_final_goal_dist,avg_min_goal_dist,policy_loss,value_loss,entropy,loss
1,4096,-12.763490257457676,41.275510204081634,0.8367346938775511,0.06251030941778908,0.04753755396041943,-0.015279901481699198,12.23241674900055,1.6525747068226337,12.217136859893799
2,8192,-10.2164713633194,34.44915254237288,0.9067796610169492,0.052205650593643474,0.04642275937090991,-0.014673750751535408,10.479968279600143,1.6475089326500894,10.465294528007508
3,12288,-7.238421849367523,26.5974025974026,0.961038961038961,0.04804031888337491,0.04525174380751786,-0.016225294102332553,8.272754055261611,1.6438296906650067,8.256528776884078
4,16384,-7.192009427509934,25.840764331210192,0.9235668789808917,0.052219209990873455,0.044394666293434276,-0.012948323299901353,9.282043470276726,1.64022465960847,9.269095218843884
5,20480,-4.723801138363124,18.69724770642202,0.9770642201834863,0.0461943774834412,0.04463162903733756,-0.016952804423635826,7.4011776626110075,1.6362870745360851,7.384224852919578
