epoch,env_steps,avg_ep_return,avg_ep_len,success_rate,avg_final_goal_dist,avg_min_goal_dist,policy_loss,value_loss,entropy,loss
1,4096,-15.153478738524718,60.6865671641791,0.6119402985074627,0.03816693863108643,0.021563826438122942,-0.014600871363654733,8.163820740580558,1.7849703297019004,8.149219870567322
2,8192,-12.180523964736429,49.96296296296296,0.7777777777777778,0.02691763367526877,0.018633683470802173,-0.012316362481215037,8.231276014447213,1.780205202102661,8.218959659337997
3,12288,-9.933319225089571,43.40425531914894,0.8297872340425532,0.02369291585018026,0.017509459557526922,-0.014344219857593998,7.926801756024361,1.775440614670515,7.912457513809204
4,16384,-8.68527369768436,38.424528301886795,0.8679245283018868,0.021487546054523368,0.01711370443424456,-0.013193189969751985,7.930333116650582,1.7692566394805909,7.917139920592308
5,20480,-9.480102879958807,42.93684210526316,0.8315789473684211,0.022778174643845933,0.016907936128738678,-0.01166423039685469,7.5700229614973065,1.762837728112936,7.558358731865883
