epoch,env_steps,avg_ep_return,avg_ep_len,success_rate,avg_final_goal_dist,avg_min_goal_dist,policy_loss,value_loss,entropy,loss
1,4096,-3.3243898293989806,19.4,0.9619047619047619,0.01658722343078504,0.015863999288662205,-0.010680566434166395,5.270034736394882,1.7679775275290013,5.259354192018509
2,8192,-3.327600877803201,19.297169811320753,0.9622641509433962,0.016623864843255294,0.01602848888625268,-0.011192081282206345,4.89213345348835,1.7666606411337853,4.880941346287727
3,12288,-2.749642744186977,16.573170731707318,0.975609756097561,0.01575137514713773,0.015583803730058991,-0.011414880948723293,4.44481148570776,1.7632677786052227,4.433396592736244
4,16384,-3.1663411443718465,18.68807339449541,0.944954128440367,0.01739824631618797,0.01650983768455479,-0.008782489385339431,4.486236646771431,1.7574219398200512,4.477454161643982
5,20480,-3.2509749357050373,19.17924528301887,0.9433962264150944,0.016419348123544862,0.015659944322355585,-0.010105933790327981,4.160735824704171,1.7503779120743275,4.150629888474941
