epoch,env_steps,avg_ep_return,avg_ep_len,success_rate,avg_final_goal_dist,avg_min_goal_dist,policy_loss,value_loss,entropy,loss
1,4096,-21.230085654278405,56.72222222222222,0.5694444444444444,0.14535857762934434,0.0579708641808894,-0.013100291711452883,23.550596261024474,1.697988184541464,23.537495958805085
2,8192,-16.30568587135412,46.97701149425287,0.6896551724137931,0.09565934806462677,0.0530267012059346,-0.011083325660729315,18.268928790092467,1.6976996086537839,18.257845610380173
3,12288,-15.650335451230719,45.3,0.7333333333333333,0.09249456454482344,0.05218603846927484,-0.011746982554905116,17.691409730911253,1.6946917079389094,17.679662704467773
4,16384,-12.279679013136528,37.403669724770644,0.7981651376146789,0.08162399321589447,0.04898590322823153,-0.01237017021048814,15.485672998428345,1.6890580259263515,15.47330287694931
5,20480,-9.408003427092748,30.133333333333333,0.8666666666666667,0.06864968627967216,0.04694455466060727,-0.011904387135291471,14.320483016967774,1.6822430878877639,14.308578598499299
