epoch,env_steps,avg_ep_return,avg_ep_len,success_rate,avg_final_goal_dist,avg_min_goal_dist,policy_loss,value_loss,entropy,loss
1,4096,-0.0896179671606211,3.907442748091603,0.9971374045801527,0.0382016995852415,0.03797008945048566,-0.01155767594173085,1.9487371068447827,1.3230784974992276,1.9371794257313013
2,8192,-0.008231557447815991,3.689189189189189,0.9990990990990991,0.037898247021141356,0.03784791561732958,-0.012071104334609117,0.5853961575776339,1.3187804110348225,0.573325053032022
3,12288,0.0031709016424212085,3.6279893711248894,0.9991142604074402,0.03758959455103791,0.037430460008803304,-0.010732843500591116,1.076200308976695,1.3165318202227354,1.0654674672987312
4,16384,-0.04207716700644603,3.788159111933395,0.9981498612395929,0.037558954550258324,0.037436766065760525,-0.008906242932425812,1.4005737908184528,1.3134410202503204,1.391667542606592
5,20480,0.07873958514727446,3.4304857621440537,1.0,0.03698394501619228,0.03698394501619228,-0.013914649568808576,0.09220251774725814,1.310040180881818,0.07828786763517807
