epoch,env_steps,avg_ep_return,avg_ep_len,success_rate,avg_final_goal_dist,avg_min_goal_dist,policy_loss,value_loss,entropy,loss
1,4096,-0.055356039951957654,3.8342696629213484,0.9990636704119851,0.038192369266193404,0.03813325437500877,-0.010172563666128554,0.712521849013865,1.462801393866539,0.702349285967648
2,8192,-0.05973650639351255,3.8395872420262664,0.99812382739212,0.037842246844462954,0.037707957677634026,-0.011607191630173475,1.2731709729880094,1.462469356507063,1.2615637846291066
3,12288,0.03619944496560854,3.5493934142114383,1.0,0.0376729546566744,0.0376729546566744,-0.024535332836967426,0.05969455293379724,1.4555814683437347,0.03515921995276585
4,16384,0.05300207119797342,3.5,1.0,0.03681481479603447,0.03681481479603447,-0.020011434066691435,0.07059530196711421,1.444626198709011,0.05058386819437146
5,20480,0.06478426746301132,3.464467005076142,1.0,0.03721023598952178,0.03721023598952178,-0.009433214290766045,0.2603733139112592,1.4410943947732449,0.2509400967974216
