epoch,env_steps,avg_ep_return,avg_ep_len,success_rate,avg_final_goal_dist,avg_min_goal_dist,policy_loss,value_loss,entropy,loss
1,4096,-0.3117325441805948,4.64472190692395,0.9977298524404086,0.040293665617602906,0.040064327372290896,-0.014102492315578275,1.5752841372042894,1.4199958220124245,1.561181641370058
2,8192,-0.17498138393977802,4.238095238095238,1.0,0.039436300545468095,0.039436300545468095,-0.015051759401103482,0.12350743520073593,1.4169622920453548,0.10845567600335926
3,12288,-0.11180042862383052,4.024582104228122,1.0,0.039148897497622605,0.039148897497622605,-0.013307865068782121,0.10562387458048761,1.4141489639878273,0.09231600980274379
4,16384,-0.12675207660183577,4.083748753738783,0.9990029910269193,0.03892257990610831,0.038860285835728745,-0.015902861105132615,0.6202447803225368,1.4099640995264053,0.6043419196503237
5,20480,-0.058045950436317974,3.8641509433962264,1.0,0.03853949662473685,0.03853949662473685,-0.01602985107456334,0.11356331454589963,1.405699148774147,0.09753346342282991
