epoch,env_steps,avg_ep_return,avg_ep_len,success_rate,avg_final_goal_dist,avg_min_goal_dist,policy_loss,value_loss,entropy,loss
1,4096,-0.006188367997981013,3.685868586858686,1.0,0.03845622472240381,0.03845622472240381,-0.01743283579708077,0.08145190472714603,1.4027832299470901,0.06401906907558441
2,8192,-0.04036189270269688,3.7942539388322523,0.9990732159406858,0.03780003353535604,0.037757591168336616,-0.014956956522655673,0.9747834770008922,1.4017198540270328,0.9598265192471445
3,12288,0.04016965852496854,3.5284482758620688,1.0,0.03809464985408403,0.03809464985408403,-0.01228141036699526,0.05319751624483615,1.401308860629797,0.040916106081567705
4,16384,0.030713531888628996,3.5608695652173914,1.0,0.037616549424179226,0.037616549424179226,-0.01309589683660306,0.05552160274237394,1.3990345485508442,0.04242570570204407
5,20480,0.04862061566897852,3.488074957410562,0.9991482112436116,0.03727007434850962,0.03720033025048559,-0.01074430400331039,0.8137507595587522,1.3966422975063324,0.8030064557678998
