epoch,env_steps,avg_ep_return,avg_ep_len,success_rate,avg_final_goal_dist,avg_min_goal_dist,policy_loss,value_loss,entropy,loss
1,4096,-0.20629827049300206,4.301470588235294,0.9978991596638656,0.0396934926359202,0.039467135584177526,-0.016736982978181915,1.3283208325505256,1.4273252449929714,1.3115838533267379
2,8192,-0.27386061907421244,4.47431693989071,0.9956284153005465,0.039524793489505355,0.039172368841703796,-0.011040368801332079,2.6450708558162055,1.4258634621898334,2.6340304811795554
3,12288,-0.13082209696074218,4.072636815920398,0.9990049751243781,0.03899226289112769,0.03895074956823344,-0.012038396865439912,0.7541481330990791,1.4233115079502265,0.7421097370485464
4,16384,-0.22305336457004404,4.3312169312169315,0.9957671957671957,0.03906824516437987,0.03871958146374377,-0.013530583560350352,2.5803748436272143,1.4179392784833909,2.566844257712364
5,20480,-0.223056818814316,4.287958115183246,0.9958115183246073,0.03895314125861017,0.038571813592384936,-0.01176300999650266,2.8614540293812754,1.4150056332349776,2.849691017717123
