epoch,env_steps,avg_ep_return,avg_ep_len,success_rate,avg_final_goal_dist,avg_min_goal_dist,policy_loss,value_loss,entropy,loss
1,4096,-0.27571600226228654,4.5908071748878925,1.0,0.03997303623885685,0.03997303623885685,-0.021488466823939234,0.3325910298153758,1.5621740087866782,0.3111025643534958
2,8192,-0.26268463950400506,4.532203389830508,0.9988700564971752,0.039646101739825836,0.03960922527637354,-0.006741343502653763,1.2499837074428797,1.5585386771708727,1.2432423667050898
3,12288,-0.28668340718095064,4.557906458797327,0.9966592427616926,0.039910388396915984,0.039741551018172755,-0.013781131565338,1.4710877522826196,1.5568448580801486,1.4573066217824817
4,16384,-0.30835124292794996,4.539400665926748,0.9955604883462819,0.0398601487136294,0.03929347081314545,-0.007909578256658278,3.465980453044176,1.5558474630117416,3.4580708906054496
5,20480,-0.21078183402628145,4.29800629590766,0.9979013641133263,0.03970906182591963,0.039399018927486096,-0.007352200540481135,1.891814149916172,1.5548640806227922,1.8844619449228048
