epoch,env_steps,avg_ep_return,avg_ep_len,success_rate,avg_final_goal_dist,avg_min_goal_dist,policy_loss,value_loss,entropy,loss
1,4096,-2.797623713198345,12.914826498422713,0.9936908517350158,0.0435074760052684,0.042957821443723954,-0.018623812979785725,5.392994448542595,1.6514904640614987,5.374370631575585
2,8192,-2.0255875884807604,10.330808080808081,0.9974747474747475,0.042805460916662756,0.042792263661859314,-0.023900823516305535,4.22997630983591,1.6474537976086139,4.206075496971607
3,12288,-1.6049442315994435,8.835497835497835,0.9956709956709957,0.04295951496906482,0.042555180233117045,-0.0162765497865621,4.372378396987915,1.641100963205099,4.35610184520483
4,16384,-1.2750642364980254,7.890173410404624,1.0,0.04229168081028039,0.04229168081028039,-0.015094354521716013,3.053361675143242,1.6367493465542793,3.0382673174142836
5,20480,-1.2165032751962317,7.639925373134329,0.996268656716418,0.04241557292807013,0.04222753065735547,-0.014850078365998342,3.574960158765316,1.6312705114483834,3.560110080242157
