epoch,env_steps,avg_ep_return,avg_ep_len,success_rate,avg_final_goal_dist,avg_min_goal_dist,policy_loss,value_loss,entropy,loss
1,4096,-27.7193766951975,88.32608695652173,0.2608695652173913,0.08360625133323281,0.04156411433106531,-0.011251136535429395,14.830463248491288,1.6851157881319523,14.81921210885048
2,8192,-24.86093442675576,81.92,0.32,0.07224856099113822,0.03792760813608766,-0.009857569978339597,13.4431531727314,1.680650182068348,13.43329558968544
3,12288,-22.776682675890846,80.36,0.42,0.051559914220124486,0.027802256513386966,-0.010134749503049535,11.144405412673951,1.677643296867609,11.13427067399025
4,16384,-19.829137126731563,72.83636363636364,0.6,0.04255105821754445,0.024057684491642497,-0.009645510674454271,9.723531424999237,1.6750368125736714,9.713885927200318
5,20480,-15.005658895805112,58.3768115942029,0.6666666666666666,0.03288663660540529,0.020820580625339695,-0.010791787970811128,8.567539140582085,1.6697268307209014,8.556747341156006
