epoch,env_steps,avg_ep_return,avg_ep_len,success_rate,avg_final_goal_dist,avg_min_goal_dist,policy_loss,value_loss,entropy,loss
1,4096,-0.2346993793292993,4.3671291355389545,0.9978655282817502,0.039664735086262226,0.039402819646118865,-0.010744688106933608,1.6492132600396872,1.4794328600168227,1.6384685711935163
2,8192,-0.16006561148034196,4.181818181818182,1.0,0.03958913827157057,0.03958913827157057,-0.011279482714598998,0.25008112424984574,1.4769509136676788,0.23880164185538888
3,12288,-0.08269407834014418,3.9365384615384613,1.0,0.038792564319625786,0.038792564319625786,-0.022943240590393543,0.098982865922153,1.4717633888125419,0.07603962481953204
4,16384,-0.08375556863075732,3.9459980713596914,1.0,0.038507383941828115,0.038507383941828115,-0.010378707811469212,0.2417734123300761,1.46735754981637,0.23139470419846475
5,20480,-0.041789717544962024,3.8022284122562673,1.0,0.03821706354268718,0.03821706354268718,-0.013360529614146799,0.07670963311102241,1.4651483818888664,0.06334910390432924
