epoch,env_steps,avg_ep_return,avg_ep_len,success_rate,avg_final_goal_dist,avg_min_goal_dist,policy_loss,value_loss,entropy,loss
1,4096,-40.76585868349052,100.0,0.0,0.2390802281908691,0.08832956487312912,-0.014589247414551209,27.95424828529358,1.826173260062933,27.93965902328491
2,8192,-34.66496951076428,91.0,0.13333333333333333,0.1875041093884243,0.06488431764559613,-0.009382884867954999,23.398771393299103,1.823695109784603,23.389388477802278
3,12288,-31.66201267236612,87.0,0.21739130434782608,0.1559462580303459,0.05206934988255734,-0.011867687819176354,21.081582844257355,1.821145761758089,21.06971515417099
4,16384,-31.388504843797868,88.93333333333334,0.13333333333333333,0.14988454036000703,0.06189075350347492,-0.009861665978678501,18.870073330402374,1.8187971100211144,18.860211741924285
5,20480,-25.808073599619828,77.75,0.3269230769230769,0.10346568177024332,0.048412207496137574,-0.012099730945192278,15.850923717021942,1.8177999541163445,15.838824039697647
