epoch,env_steps,avg_ep_return,avg_ep_len,success_rate,avg_final_goal_dist,avg_min_goal_dist,policy_loss,value_loss,entropy,loss
1,4096,-4.0340430695948655,16.565040650406505,0.967479674796748,0.04511011195013193,0.043511601074076284,-0.01712812177138403,7.137956234812736,1.6324966564774512,7.120828115940094
2,8192,-2.6932369337858266,12.480122324159021,1.0,0.0430548372550295,0.0430548372550295,-0.020487363179563546,4.5922561571002,1.6253027752041818,4.571768781542778
3,12288,-2.4931233546266434,11.86046511627907,1.0,0.04339702368908843,0.04339702368908843,-0.016262086373899365,5.098178204149008,1.618120888248086,5.081916108727455
4,16384,-1.7994863623022141,9.509302325581395,0.9976744186046511,0.043008558469456296,0.04297776790552361,-0.021072108222870155,4.4707523584365845,1.6112532280385494,4.449680258333683
5,20480,-1.8443717193502334,9.726190476190476,0.9952380952380953,0.04230024629228172,0.04191351155972197,-0.01374632196384482,4.515785902738571,1.6042109422385693,4.502039597928524
