epoch,env_steps,avg_ep_return,avg_ep_len,success_rate,avg_final_goal_dist,avg_min_goal_dist,policy_loss,value_loss,entropy,loss
1,4096,-0.21272968668893671,4.366737739872068,1.0,0.03980172747003435,0.03980172747003435,-0.019385123410029338,0.30249223448336127,1.5154072746634484,0.28310711001977323
2,8192,-0.21239064488270173,4.348195329087049,0.9989384288747346,0.03944835359044768,0.03936076031369009,-0.012964502087561414,0.7243326064199209,1.5109968036413193,0.711368103697896
3,12288,-0.17611322224399975,4.223942208462332,0.9979360165118679,0.039467558153242766,0.03939264853964526,-0.0142829848715337,1.0869978046044708,1.5079748690128327,1.0727148176170886
4,16384,-0.13499247484340862,4.078685258964144,0.999003984063745,0.03867255990204227,0.03860053036406458,-0.013795180779804165,0.7799215352990561,1.504453196293778,0.7661263559324046
5,20480,-0.0485332041673555,3.8395872420262664,1.0,0.03845297033578773,0.03845297033578773,-0.013931608642451465,0.09275266528129578,1.5006228014826775,0.07882105745375156
