epoch,env_steps,avg_ep_return,avg_ep_len,success_rate,avg_final_goal_dist,avg_min_goal_dist,policy_loss,value_loss,entropy,loss
1,4096,-18.13467717288109,66.95081967213115,0.5409836065573771,0.052653329389658374,0.024736824861468106,-0.013323495149961673,9.710678631067276,1.690008008480072,9.697355151176453
2,8192,-16.649529199243318,64.71428571428571,0.6666666666666666,0.03583887354692533,0.020841185410048754,-0.010871301231964026,8.718325865268707,1.6850071273744107,8.707454606890678
3,12288,-12.91465561053634,51.73076923076923,0.717948717948718,0.031116108926466834,0.019573654182470188,-0.01082072003337089,8.24160803258419,1.6808253236114978,8.230787351727486
4,16384,-12.17166926130922,50.18518518518518,0.7530864197530864,0.029197677883698984,0.018668860248807404,-0.010402664390858263,7.615714672207832,1.6779451169073583,7.605312022566795
5,20480,-10.997828283956702,47.22093023255814,0.872093023255814,0.020335726596978167,0.017173619296531693,-0.014072458182636183,7.579873481392861,1.6746953457593918,7.565801018476487
