epoch,env_steps,avg_ep_return,avg_ep_len,success_rate,avg_final_goal_dist,avg_min_goal_dist,policy_loss,value_loss,entropy,loss
1,4096,-4.154194205111798,22.98876404494382,0.949438202247191,0.016561611607838214,0.01587960325976771,-0.019558063193107954,4.60392746925354,1.3775054708123207,4.584369394183159
2,8192,-3.5475485391356854,20.445,0.94,0.016923828999279068,0.015909018859965728,-0.014732349541090015,4.230162812603845,1.373595508436362,4.215430445141262
3,12288,-3.1079886206625056,18.40990990990991,0.9459459459459459,0.017053622385352716,0.01609501387160439,-0.012371259203064255,4.210949204862118,1.370448498427868,4.198577934503556
4,16384,-4.021627582097815,22.83240223463687,0.8938547486033519,0.01876522596488452,0.016801792316596603,-0.011007887017331085,4.309098184108734,1.3668221682310104,4.298090296983719
5,20480,-3.195135715005851,19.08450704225352,0.9342723004694836,0.017313230522589085,0.016069568870720308,-0.011630239135411103,4.489468139410019,1.36330536454916,4.477837903797626
