epoch,env_steps,avg_ep_return,avg_ep_len,success_rate,avg_final_goal_dist,avg_min_goal_dist,policy_loss,value_loss,entropy,loss
1,4096,-2.7482549675467225,16.677551020408163,0.9673469387755103,0.01645228257117679,0.01589446673264765,-0.012089433416258543,4.274779865145684,1.3706106692552567,4.262690424919128
2,8192,-2.5823303553411168,15.848837209302326,0.9767441860465116,0.015460014369432605,0.015261313326606282,-0.013629796976197718,3.987587504916721,1.3662190718783274,3.973957704173194
3,12288,-2.9905881561348955,17.882096069868997,0.9519650655021834,0.01669637681652007,0.01597699560489359,-0.009502710853121243,4.119095973670483,1.3626049116253853,4.1095932751893995
4,16384,-2.993793827803236,17.894273127753305,0.9515418502202643,0.017115276216607262,0.016115314995927433,-0.009966207569232211,4.067091496288777,1.3577975444495678,4.057125289738178
5,20480,-3.07702969290034,18.258928571428573,0.9419642857142857,0.016861695727649412,0.016196465308894403,-0.012386630817491095,4.303156901896,1.353342241793871,4.290770271420479
