epoch,env_steps,avg_ep_return,avg_ep_len,success_rate,avg_final_goal_dist,avg_min_goal_dist,policy_loss,value_loss,entropy,loss
1,4096,-1.4928822788512033,8.579831932773109,0.9978991596638656,0.04280676810509142,0.042766198277191705,-0.022206748322787462,3.651026548817754,1.481555212289095,3.6288197953253984
2,8192,-1.3779072429520987,8.061023622047244,0.9960629921259843,0.04286519742908147,0.042517685674233585,-0.01100935765862232,3.8124157693237066,1.4768546372652054,3.8014063984155655
3,12288,-1.152763597691968,7.460837887067395,1.0,0.04217804623648986,0.04217804623648986,-0.0033629456690202155,2.81945006052653,1.4750153447190921,2.8160871118307114
4,16384,-1.0105330820348688,7.027491408934708,1.0,0.04226027906286655,0.04226027906286655,-0.015290160544100217,2.3947962641716005,1.471056978404522,2.3795060992240904
5,20480,-0.9559330038884074,6.833055091819699,0.996661101836394,0.04217257745912258,0.042061201565726375,-0.017414995998842643,2.4770171895623205,1.4658664427697659,2.459602192044258
