epoch,env_steps,avg_ep_return,avg_ep_len,success_rate,avg_final_goal_dist,avg_min_goal_dist,policy_loss,value_loss,entropy,loss
1,4096,0.099533039846199,3.349141455437449,1.0,0.03682400147375009,0.03682400147375009,-0.019075048418017104,0.05547498824307695,1.438779478892684,0.03639993965043686
2,8192,0.07712941912295201,3.4165275459098496,0.9991652754590985,0.036842258907512505,0.03675498369885282,-0.012549587458488531,0.5069016393274068,1.4343869850039481,0.49435204970650376
3,12288,0.13191182113066696,3.2448494453248813,1.0,0.03652233937710948,0.03652233937710948,-0.0224170283152489,0.03488701527239755,1.42721141949296,0.012469986942596734
4,16384,0.12842708610760917,3.2543720190779015,1.0,0.036210358969049915,0.036210358969049915,-0.010127671586815268,0.025838577246759087,1.421904545277357,0.01571090507786721
5,20480,0.11045561507915497,3.293637846655791,0.99836867862969,0.0358087270396046,0.03563635673018425,-0.009792757421382702,1.7103366676717997,1.4204003028571606,1.7005439080297946
