epoch,env_steps,avg_ep_return,avg_ep_len,success_rate,avg_final_goal_dist,avg_min_goal_dist,policy_loss,value_loss,entropy,loss
1,4096,-10.500641606736483,46.310344827586206,0.8850574712643678,0.022790744991694718,0.0173619470302144,-0.011872866967314622,7.302519887685776,1.6582644410431384,7.29064701795578
2,8192,-8.657788197816364,39.38235294117647,0.9117647058823529,0.018451733610538,0.016824728247764355,-0.012713560170959681,7.613344275951386,1.6534522011876107,7.600630688667297
3,12288,-7.937739659336965,37.38532110091743,0.908256880733945,0.0195800686135478,0.01675150172631128,-0.012876525908359327,7.1594368577003475,1.6486894018948077,7.146560332179069
4,16384,-8.97696087277467,41.25252525252525,0.8585858585858586,0.02226425056355168,0.017521112028396492,-0.009659582993481308,6.877425581216812,1.6465463571250438,6.867765998840332
5,20480,-6.918675711457533,33.34426229508197,0.9098360655737705,0.018429037267494886,0.01637440964915469,-0.01154028884775471,7.155493780970573,1.64207204580307,7.143953493237495
