epoch,env_steps,avg_ep_return,avg_ep_len,success_rate,avg_final_goal_dist,avg_min_goal_dist,policy_loss,value_loss,entropy,loss
1,4096,-4.56940981453997,18.488687782805428,0.9547511312217195,0.04571029716655949,0.043930343314331044,-0.019208634798997083,7.841072663664818,1.5833836749196053,7.821864032745362
2,8192,-2.783210066395798,12.686335403726709,0.9937888198757764,0.0436903645880289,0.043226374602465895,-0.01819037817476783,5.090996512770653,1.5797393076121806,5.072806119918823
3,12288,-2.049115716831031,10.383248730964468,1.0,0.042855639988083755,0.042855639988083755,-0.020776406343793498,3.9104744851589204,1.5744956888258457,3.8896980926394464
4,16384,-2.035067103017773,10.33838383838384,1.0,0.043109633435372906,0.043109633435372906,-0.01717094705963973,4.393843661993742,1.5682502938434482,4.37667272053659
5,20480,-1.511243869979065,8.614736842105263,1.0,0.04251411613371027,0.04251411613371027,-0.02291950744402129,3.4163585156202316,1.5610328674316407,3.39343900680542
