epoch,env_steps,avg_ep_return,avg_ep_len,success_rate,avg_final_goal_dist,avg_min_goal_dist,policy_loss,value_loss,entropy,loss
1,4096,-45.12104007801833,90.46666666666667,0.13333333333333333,0.35247151288721296,0.11193491427434815,-0.009228765076841228,55.93940804004669,1.6771878644824028,55.93017933368683
2,8192,-47.22625153974009,94.11627906976744,0.06976744186046512,0.3613392189145088,0.12402552920718525,-0.010137668653624133,53.46747269630432,1.6772999368607997,53.45733501911163
3,12288,-43.846784810834365,88.91304347826087,0.13043478260869565,0.33326193091014156,0.12107435832528965,-0.011760954064084218,51.08215365409851,1.676593468338251,51.07039277553558
4,16384,-40.47983221028812,89.57777777777778,0.13333333333333333,0.27436409890651703,0.1047587743235959,-0.011320260330103337,40.90937042236328,1.675367471575737,40.89805009365082
5,20480,-34.05421395202641,83.22448979591837,0.22448979591836735,0.2065131736501139,0.08957894093223981,-0.010975492509896868,31.472741961479187,1.6727105349302291,31.461766445636748
