epoch,env_steps,avg_ep_return,avg_ep_len,success_rate,avg_final_goal_dist,avg_min_goal_dist,policy_loss,value_loss,entropy,loss
1,4096,-12.529033398900467,51.43037974683544,0.7974683544303798,0.027383910595215385,0.018124461017808395,-0.013182355419849046,8.338613003492355,1.702554526180029,8.325430634617806
2,8192,-11.854840218600973,48.16867469879518,0.8313253012048193,0.026997327288410748,0.0183584201991199,-0.010656660627864767,8.678528276085853,1.698011177033186,8.667871606349944
3,12288,-11.921212581307111,49.97530864197531,0.8024691358024691,0.02584716570161191,0.018201178106490846,-0.01086745791544672,7.943987110257149,1.691750779002905,7.933119621872902
4,16384,-10.45402252818492,45.18888888888889,0.8555555555555555,0.022268176860072545,0.017144586057919596,-0.011136169015662745,7.971780225634575,1.6879518084228038,7.96064405143261
5,20480,-9.769935573723188,43.265957446808514,0.9042553191489362,0.020082812359992493,0.016451127034552555,-0.01187473357131239,8.216401210427284,1.6848324708640576,8.204526445269584
