epoch,env_steps,avg_ep_return,avg_ep_len,success_rate,avg_final_goal_dist,avg_min_goal_dist,policy_loss,value_loss,entropy,loss
1,4096,-46.935997544462104,92.95348837209302,0.09302325581395349,0.32358931472828223,0.12480314656399018,-0.011316748923854902,56.00615952014923,1.6764159366488456,55.994842648506165
2,8192,-44.41468237470486,91.13636363636364,0.06818181818181818,0.3164999424056573,0.11821225666525689,-0.009615742176538333,50.78830292224884,1.6754259288311004,50.77868700027466
3,12288,-40.53715575341973,86.27659574468085,0.14893617021276595,0.26569223586232105,0.11565773957904349,-0.011641563757439143,45.49194090366363,1.67191316857934,45.480299377441405
4,16384,-42.22692234795283,91.86363636363636,0.13636363636363635,0.2976083498109471,0.10191804754801771,-0.008552952074387577,42.99456615447998,1.667406652122736,42.986013293266296
5,20480,-34.943297732525316,81.02,0.22,0.2335689293220639,0.09749490041285754,-0.009217003475350793,36.22988542318344,1.6657901301980018,36.2206684589386
