epoch,env_steps,avg_ep_return,avg_ep_len,success_rate,avg_final_goal_dist,avg_min_goal_dist,policy_loss,value_loss,entropy,loss
1,4096,-0.1103308017517733,3.977406679764244,0.9990176817288802,0.03876850999386758,0.03861101804034005,-0.014486150673474186,1.5116051537916064,1.5204095803201199,1.4971190034411848
2,8192,-0.05668079138775354,3.8532455315145815,0.9981185324553151,0.03850682373294433,0.03843551222147352,-0.00882294230783979,0.9490164477999011,1.519577292104562,0.9401935087516904
3,12288,-0.12786020797521916,4.0,0.9970703125,0.03845050625750446,0.03808081912211492,-0.010438916683779099,2.4774626933038233,1.5188247323036195,2.467023775726557
4,16384,-0.06101428613576325,3.8395872420262664,0.99812382739212,0.038483367631767525,0.038302315301200686,-0.012905061437049881,1.335113426670432,1.51732355132699,1.3222083635628223
5,20480,-0.011131348674868851,3.7184377838328793,0.9990917347865577,0.03796679531811964,0.0379409345152782,-0.009754004383770129,0.49200398847460747,1.5150474657615025,0.48224998265504837
