epoch,env_steps,avg_ep_return,avg_ep_len,success_rate,avg_final_goal_dist,avg_min_goal_dist,policy_loss,value_loss,entropy,loss
1,4096,-3.602231583912211,15.155555555555555,0.9814814814814815,0.044379864163972715,0.04358658332515646,-0.020324954605894164,6.752616226673126,1.6490791156888007,6.732291278243065
2,8192,-2.680575515821165,12.391975308641975,0.9938271604938271,0.043602652247006324,0.04319382013672572,-0.01683474789315369,5.427632370591164,1.6451774664223193,5.4107976198196415
3,12288,-2.051799945841417,10.47948717948718,0.9974358974358974,0.04283939358085776,0.04283939358085776,-0.01170533589902334,4.1150759845972065,1.642009973526001,4.103370654582977
4,16384,-1.6434007803536135,9.06430155210643,1.0,0.04340766170815856,0.04340766170815856,-0.020818797920946965,3.8027613759040833,1.6377701193094254,3.781942571699619
5,20480,-1.4986027075351565,8.616842105263158,1.0,0.0423293445416187,0.0423293445416187,-0.01825997325067874,3.5294701885432005,1.6300058430060744,3.511210223659873
