epoch,env_steps,avg_ep_return,avg_ep_len,success_rate,avg_final_goal_dist,avg_min_goal_dist,policy_loss,value_loss,entropy,loss
1,4096,-6.083182059257875,30.41044776119403,0.8805970149253731,0.020651910158652646,0.017274774899428236,-0.015120495291193947,5.975712516903878,1.789018163830042,5.960591995716095
2,8192,-5.462003231989136,27.8,0.9379310344827586,0.018065721605872286,0.016422766125921546,-0.016892265096248592,5.785488471388817,1.7844565629959106,5.76859620809555
3,12288,-4.343559887197036,23.24137931034483,0.9540229885057471,0.016686638169547265,0.01596690487951554,-0.015139273146633058,5.61423093676567,1.7802305042743682,5.59909166097641
4,16384,-4.921063797080746,26.05732484076433,0.910828025477707,0.01818952486541858,0.016261977934023474,-0.01144834873266518,5.258011153340339,1.7758580073714256,5.246562793850899
5,20480,-4.169443060747584,22.755555555555556,0.9333333333333333,0.017234712694254188,0.016060312858058347,-0.010780405357945711,5.422971767187119,1.7707639716565609,5.4121913582086565
