epoch,env_steps,avg_ep_return,avg_ep_len,success_rate,avg_final_goal_dist,avg_min_goal_dist,policy_loss,value_loss,entropy,loss
1,4096,-2.275327999287362,10.862068965517242,0.9787798408488063,0.04399967276113261,0.04266258928460373,-0.013747277780203149,7.012080305814743,1.6687397703528404,6.9983330249786375
2,8192,-1.912724944974289,9.69431279620853,0.9786729857819905,0.043617598173954476,0.04246819591352725,-0.014215862037963234,6.3925051301717755,1.6662738494575025,6.378289261460305
3,12288,-1.482763532538667,8.525,0.9958333333333333,0.04253479522497704,0.04233025260424862,-0.020333116204710677,4.011173149943351,1.662399097532034,3.990840044617653
4,16384,-1.5167154608992754,8.383196721311476,0.9877049180327869,0.043581145783107664,0.0422817057162737,-0.010231159787508659,5.667902261018753,1.6585055304070313,5.657671103874843
5,20480,-1.0729402099337981,7.104166666666667,0.9947916666666666,0.042301042991716206,0.04181298421139622,-0.015341388559318148,3.239186258614063,1.6557799324393272,3.223844876140356
