epoch,env_steps,avg_ep_return,avg_ep_len,success_rate,avg_final_goal_dist,avg_min_goal_dist,policy_loss,value_loss,entropy,loss
1,4096,0.0050612319232561,3.6271036315323295,0.9991142604074402,0.03747716345853173,0.037374506564274684,-0.008769180705712643,0.7930527348071337,1.451262941583991,0.7842835502233356
2,8192,0.010507782873496027,3.605286343612335,0.9991189427312775,0.037408464154975264,0.03734592498907827,-0.008266388593862454,0.724017933399106,1.449068557471037,0.7157515452709049
3,12288,-0.035924104524640024,3.7388127853881277,0.9981735159817352,0.03733976071351739,0.03714580024894514,-0.00853911388257984,1.8717905838042497,1.4479352913796901,1.863251470774412
4,16384,-0.025293182708510362,3.7184377838328793,0.997275204359673,0.037450789915504344,0.037287132126819694,-0.01110195838555228,1.7941176239401102,1.4483509808778763,1.7830156683921814
5,20480,-0.006467925208234742,3.6708520179372197,0.9973094170403587,0.03736243907261991,0.03723748827545231,-0.011671214521629735,1.6177766155451536,1.4476252004504204,1.6061054032295943
