epoch,env_steps,avg_ep_return,avg_ep_len,success_rate,avg_final_goal_dist,avg_min_goal_dist,policy_loss,value_loss,entropy,loss
1,4096,-1.8505489971161821,9.699052132701421,0.9976303317535545,0.043213556606710946,0.04308341027091818,-0.023142253501282538,4.667412649095058,1.6750883750617505,4.644270408153534
2,8192,-1.535304409410619,8.718550106609808,0.997867803837953,0.04264850100117134,0.04256386512211327,-0.017927779094316067,4.706302735209465,1.6674593269824982,4.688374960422516
3,12288,-1.3009010055352728,7.95136186770428,1.0,0.04233699494697415,0.04233699494697415,-0.01570104158599861,3.7024371524651847,1.6609058665732543,3.6867361118396125
4,16384,-1.132111268123342,7.4021739130434785,1.0,0.04206720088183394,0.04206720088183394,-0.01886558615224203,3.6736040651798247,1.654679237306118,3.6547384813427923
5,20480,-1.0024283280257447,6.988054607508532,1.0,0.041748178326572474,0.041748178326572474,-0.012379295087885111,2.991437491774559,1.6508032351732254,2.9790582031011583
