epoch,env_steps,avg_ep_return,avg_ep_len,success_rate,avg_final_goal_dist,avg_min_goal_dist,policy_loss,value_loss,entropy,loss
1,4096,-30.907482755534772,91.27272727272727,0.20454545454545456,0.13909401750954037,0.04411185534924946,-0.012384890054818243,17.98563039302826,1.6549503348767758,17.973245507478715
2,8192,-28.469970654852727,87.08695652173913,0.2391304347826087,0.12434820915855792,0.04245973018038532,-0.01030578905774746,16.332520645856857,1.652097150683403,16.322214859724046
3,12288,-25.18847213647381,79.3921568627451,0.39215686274509803,0.10346593771714206,0.03570885640368158,-0.010086873039836065,15.321037179231643,1.6478057391941547,15.31095033288002
4,16384,-25.918510305975826,83.75,0.2916666666666667,0.09807967297577609,0.03564094949979335,-0.010006168734980747,13.67143543958664,1.6452990747988223,13.661429286003113
5,20480,-25.116983286530655,82.85714285714286,0.30612244897959184,0.08428917057356056,0.03775080449270959,-0.008074663118168245,12.99141321182251,1.6441222585737705,12.983338546752929
