epoch,env_steps,avg_ep_return,avg_ep_len,success_rate,avg_final_goal_dist,avg_min_goal_dist,policy_loss,value_loss,entropy,loss
1,4096,-32.42772076951596,77.3076923076923,0.3076923076923077,0.18001097874142802,0.0932318685361399,-0.014258135302225129,32.232650351524356,1.80433272048831,32.2183923125267
2,8192,-28.578426916537058,73.85454545454546,0.36363636363636365,0.147659235549244,0.07182759293778376,-0.012470395132550039,26.704601526260376,1.8037847742438315,26.692131185531615
3,12288,-25.565480931001822,69.42372881355932,0.5254237288135594,0.11463304463837107,0.06223657834580389,-0.011791498432285153,23.090405178070068,1.8010721132159233,23.078613674640657
4,16384,-28.25297097002861,77.0754716981132,0.39622641509433965,0.12267442265490316,0.06586334418575719,-0.010771111867506988,21.84260011911392,1.798614563792944,21.831829047203065
5,20480,-15.276818825558806,47.52325581395349,0.8488372093023255,0.059287591057634634,0.049439255256465704,-0.013456177702755668,14.771583652496338,1.7958411283791065,14.758127450942993
