epoch,env_steps,avg_ep_return,avg_ep_len,success_rate,avg_final_goal_dist,avg_min_goal_dist,policy_loss,value_loss,entropy,loss
1,4096,-0.49036947063394976,5.291503267973856,0.9973856209150327,0.04065229037740067,0.040500323042224826,-0.018131441570585594,1.824696098268032,1.3215602867305278,1.8065646573901177
2,8192,-0.3802800810010524,4.902994011976048,0.9988023952095808,0.04021574473566192,0.040188263675119885,-0.016066722692422836,0.7929542482431445,1.3172838347298759,0.7768875248730183
3,12288,-0.30109969994525826,4.640589569160998,1.0,0.03993296572545759,0.03993296572545759,-0.01848206965951249,0.25373811833560467,1.3143552591403325,0.23525604978203773
4,16384,-0.232016398222211,4.4190064794816415,1.0,0.03997678939704673,0.03997678939704673,-0.01472459155290077,0.19224741496145725,1.3116276909907658,0.1775228235249718
5,20480,-0.4962621270925705,5.088198757763975,0.991304347826087,0.040674099150281515,0.039710485592762135,-0.014904438974917866,4.6810998424887655,1.3108229987323283,4.66619540899992
