epoch,env_steps,avg_ep_return,avg_ep_len,success_rate,avg_final_goal_dist,avg_min_goal_dist,policy_loss,value_loss,entropy,loss
1,4096,-40.160342857955676,94.51162790697674,0.06976744186046512,0.26105263772918735,0.08349294548984183,-0.012820785969961435,34.86755536794662,1.667007938027382,34.8547345995903
2,8192,-35.46819504637842,89.28888888888889,0.17777777777777778,0.20213101957407262,0.0783846791419718,-0.009969407139578834,28.75972123146057,1.663638810813427,28.749751818180084
3,12288,-34.719478512000485,90.57777777777778,0.1111111111111111,0.1933211071209775,0.07450232654809952,-0.01006552594481036,25.76565351486206,1.6611807927489282,25.75558798313141
4,16384,-39.1756824590491,99.09756097560975,0.024390243902439025,0.23352207811322154,0.0783162092471995,-0.010504087289154996,27.571603882312775,1.65918083563447,27.56109983921051
5,20480,-32.11318942802419,89.31111111111112,0.15555555555555556,0.16225355989817117,0.05514764469116926,-0.010684992026654072,22.439174389839174,1.657404012978077,22.42848938703537
