epoch,env_steps,avg_ep_return,avg_ep_len,success_rate,avg_final_goal_dist,avg_min_goal_dist,policy_loss,value_loss,entropy,loss
1,4096,-1.3916445130094275,8.123505976095618,0.9960159362549801,0.042653022007460135,0.04231055046754529,-0.013726567156845703,4.217173559963703,1.552848184108734,4.203446994721889
2,8192,-1.0730550122313758,7.204225352112676,1.0,0.04198187311232405,0.04198187311232405,-0.02234925743250642,2.6536549866199493,1.5462878182530404,2.6313057273626326
3,12288,-1.0600536506174048,7.079584775086505,0.9965397923875432,0.0425111533152294,0.04223132130905831,-0.01439134784514964,3.5063717001014285,1.54003027247058,3.49198035730256
4,16384,-0.8366122235005299,6.418495297805642,1.0,0.04194031509229195,0.04194031509229195,-0.025489184552700155,1.9145256653428078,1.5351806316110823,1.8890364749564066
5,20480,-0.8360996950074085,6.38006230529595,0.9953271028037384,0.04176819544558259,0.04143154052031049,-0.013888649095315486,2.7576419040560722,1.5291674524545669,2.743753258138895
