epoch,env_steps,avg_ep_return,avg_ep_len,success_rate,avg_final_goal_dist,avg_min_goal_dist,policy_loss,value_loss,entropy,loss
1,4096,-0.0624778380580087,3.8641509433962264,1.0,0.038156839467163355,0.038156839467163355,-0.019383644947083667,0.08885550021659583,1.5225693695247173,0.06947185564786196
2,8192,-0.06930571202039135,3.8641509433962264,0.9990566037735849,0.03831640596782683,0.03819799028460007,-0.009165849234300872,0.8113138352831205,1.5186329583326976,0.8021479851255814
3,12288,0.009234469937525526,3.6506238859180034,1.0,0.0375902826139129,0.0375902826139129,-0.02093184575351188,0.1540378258097917,1.5136578984558582,0.13310597960371523
4,16384,0.0058110317280710274,3.6206896551724137,0.9991158267020336,0.03788465601297394,0.03776706872997059,-0.01202892996952869,0.838118533976376,1.5077295899391174,0.8260895998217166
5,20480,0.04723458961405805,3.51114922813036,1.0,0.03721476750173582,0.03721476750173582,-0.015920103042541694,0.06049399031326175,1.5028715531031291,0.04457388736773282
