epoch,env_steps,avg_ep_return,avg_ep_len,success_rate,avg_final_goal_dist,avg_min_goal_dist,policy_loss,value_loss,entropy,loss
1,4096,-9.113982922276914,40.15686274509804,0.8823529411764706,0.021418601867980232,0.01731779562382429,-0.01207038837019354,7.5307379990816115,1.5974008187651634,7.518667614459991
2,8192,-8.865385488183321,40.396039603960396,0.9108910891089109,0.01943994394623407,0.016483586355306133,-0.01097801728756167,7.082563263177872,1.5910689219832421,7.071585232019425
3,12288,-8.863371566973763,40.524752475247524,0.9108910891089109,0.019090157398714287,0.016624745304262875,-0.012074616164318286,6.967632085084915,1.5854334950447082,6.955557474493981
4,16384,-7.989307793604695,37.440366972477065,0.9174311926605505,0.018035164897526622,0.016761929488851936,-0.011185114529507701,6.797356456518173,1.5806915216147899,6.786171346902847
5,20480,-6.814408692966771,32.7479674796748,0.9512195121951219,0.01707613608625725,0.016149569556450215,-0.01092328672821168,6.783234316110611,1.576130348443985,6.772311037778854
