epoch,env_steps,avg_ep_return,avg_ep_len,success_rate,avg_final_goal_dist,avg_min_goal_dist,policy_loss,value_loss,entropy,loss
1,4096,-46.7542804016888,96.07142857142857,0.047619047619047616,0.3437786387013538,0.11225769562380654,-0.009543207017122768,52.79066381454468,1.674148255586624,52.781120610237124
2,8192,-47.781843823217436,96.80952380952381,0.023809523809523808,0.35438231629363837,0.11828150522584717,-0.008644997930969112,52.53522143363953,1.6716492183506488,52.526576375961305
3,12288,-44.227246526974305,97.0,0.023809523809523808,0.2925476146241029,0.10284692647733859,-0.010407958223368041,43.30454497337341,1.6696423217654228,43.29413704872131
4,16384,-46.26984992868754,99.46341463414635,0.0,0.3164155731295667,0.11554444067907042,-0.010077980413916521,44.03947043418884,1.6661402828991414,44.02939260005951
5,20480,-42.11298219593948,94.72093023255815,0.06976744186046512,0.28423167160863794,0.09896313362256733,-0.009990364420809783,39.69811520576477,1.6613641276955604,39.68812487125397
