epoch,env_steps,avg_ep_return,avg_ep_len,success_rate,avg_final_goal_dist,avg_min_goal_dist,policy_loss,value_loss,entropy,loss
1,4096,-0.20829079452109572,4.3660618996798295,0.9946638207043756,0.03902689708056865,0.03879120311199855,-0.020303354164934718,2.5116565711796284,1.4433841213583947,2.491353220492601
2,8192,-0.10286096035910887,4.033497536945813,0.9970443349753695,0.03881549220073399,0.038725187317491166,-0.011153973988257349,1.424962405115366,1.4422322784860928,1.4138084376851718
3,12288,0.009403339159024136,3.6595174262734584,1.0,0.03809316694350302,0.03809316694350302,-0.0224484404665418,0.1724351373501122,1.439792239665985,0.14998669661581515
4,16384,0.06128666216104372,3.473684210526316,1.0,0.03756403942641459,0.03756403942641459,-0.011618035336141475,0.13252953556366265,1.4366653636097908,0.1209114994853735
5,20480,0.05892603180614321,3.4770797962648556,0.9991511035653651,0.03730410023027927,0.03725551251805876,-0.00947456724679796,0.5463218422373757,1.434216445311904,0.5368472759146243
