epoch,env_steps,avg_ep_return,avg_ep_len,success_rate,avg_final_goal_dist,avg_min_goal_dist,policy_loss,value_loss,entropy,loss
1,4096,-22.22834131910076,76.26415094339623,0.4339622641509434,0.07311506940157346,0.026420224299830087,-0.011693351171561516,11.603262174129487,1.639031460136175,11.591568797826767
2,8192,-23.715074440379166,83.97916666666667,0.3541666666666667,0.06841295067958224,0.02892623526471046,-0.010436209283943754,10.415223717689514,1.634004107862711,10.40478748679161
3,12288,-20.81381995651453,70.29310344827586,0.4827586206896552,0.07569925107286665,0.030412900414125157,-0.012854987478931434,12.029415428638458,1.631253359466791,12.016560411453247
4,16384,-21.053353131039845,75.57407407407408,0.46296296296296297,0.05545450489174713,0.027202164383467148,-0.009997548029059545,9.992623001337051,1.6277404882013797,9.982625442743302
5,20480,-16.41119792964831,62.828125,0.640625,0.04467061848845333,0.020845192077104002,-0.009514440695056692,8.653428998589515,1.6231171913444995,8.643914547562598
