epoch,env_steps,avg_ep_return,avg_ep_len,success_rate,avg_final_goal_dist,avg_min_goal_dist,policy_loss,value_loss,entropy,loss
1,4096,-11.32408431601746,49.024096385542165,0.8192771084337349,0.02277852491060474,0.017775193681514048,-0.01264124884910416,7.332281535863876,1.6697188213467598,7.31964028775692
2,8192,-10.265336013652457,45.51111111111111,0.8111111111111111,0.02305695198269354,0.017809316091653375,-0.010986897887778468,7.438849154114723,1.6642248205840589,7.427862256765366
3,12288,-7.913111572551422,36.828828828828826,0.9369369369369369,0.017448689643847378,0.016338482035558904,-0.014894633245421573,7.340695682168007,1.6598806224763394,7.325801041722298
4,16384,-7.786089286833713,36.792792792792795,0.9009009009009009,0.018435371571916853,0.015812726760585163,-0.011192491601104849,7.185704150795937,1.6559764645993709,7.174511647224426
5,20480,-6.495776107023443,31.229007633587788,0.9312977099236641,0.017951415602885584,0.015822389148858213,-0.013621484796749428,7.240213364362717,1.654230486601591,7.22659187912941
