epoch,env_steps,avg_ep_return,avg_ep_len,success_rate,avg_final_goal_dist,avg_min_goal_dist,policy_loss,value_loss,entropy,loss
1,4096,-4.142765613320346,22.34806629834254,0.9281767955801105,0.018078391990773584,0.0164891106297792,-0.01375515598556376,5.218355381861329,1.3008570857346058,5.204600218683481
2,8192,-3.736783088240748,21.191709844559586,0.9326424870466321,0.017555438370535564,0.01627220978979697,-0.013380725847673603,4.8259198233485225,1.2954344570636749,4.812539078295231
3,12288,-3.6677540037553547,20.656565656565657,0.9444444444444444,0.017390672758343922,0.015989893681670756,-0.015119601019250695,4.683333329856396,1.2914207139983773,4.668213730677962
4,16384,-3.2997587320354778,19.230046948356808,0.9530516431924883,0.016792154659958723,0.015509838862519519,-0.014216879124433035,4.60652192234993,1.285781705379486,4.592305047810077
5,20480,-3.2507279631241572,19.013953488372092,0.9348837209302325,0.017342451316586068,0.015979636250453632,-0.011050798153155484,4.9549222707748415,1.2788882113993167,4.9438714787364
