epoch,env_steps,avg_ep_return,avg_ep_len,success_rate,avg_final_goal_dist,avg_min_goal_dist,policy_loss,value_loss,entropy,loss
1,4096,-0.5513610379999204,5.425165562913907,0.9960264900662251,0.0409381035666,0.040751739490209826,-0.015712166647062986,2.0854127882048488,1.483264435082674,2.069700622931123
2,8192,-0.36820313346825717,4.884248210023866,1.0,0.04049169783633834,0.04049169783633834,-0.012464584569291523,0.3498804463694493,1.4808256203929584,0.33741586344937485
3,12288,-0.31745326648165206,4.702298850574713,1.0,0.040792103839674215,0.040792103839674215,-0.013653543894179165,0.2584987475226323,1.4767496312657993,0.244845204676191
4,16384,-0.3153048401740438,4.616685456595265,0.9988726042841037,0.040342279675226606,0.04005586649285967,-0.0023259079258423298,1.7814704148098826,1.4727855682373048,1.7791445072740317
5,20480,-0.3491135343861872,4.795081967213115,0.9976580796252927,0.03972664280234022,0.03958059802206464,-0.012871786345688937,1.6076544920603435,1.4709133667250474,1.5947827063500881
