epoch,env_steps,avg_ep_return,avg_ep_len,success_rate,avg_final_goal_dist,avg_min_goal_dist,policy_loss,value_loss,entropy,loss
1,4096,-31.347508915832503,93.72093023255815,0.09302325581395349,0.1144358174398888,0.05293709975342418,-0.012551201772294008,15.053663903474808,1.643342535942793,15.04111270904541
2,8192,-27.86911436372898,88.3695652173913,0.13043478260869565,0.10019736186317775,0.043564191290541836,-0.009974346321541816,12.845897907018662,1.641215406358242,12.835923594236373
3,12288,-26.490751515697117,87.28260869565217,0.1956521739130435,0.08531559763840683,0.037543096609980516,-0.011680979517404922,11.69682485461235,1.636562767624855,11.685143887996674
4,16384,-22.13056003710783,76.16981132075472,0.37735849056603776,0.07035229845359078,0.03273816436599448,-0.010544203624885996,10.645851981639861,1.6296484127640725,10.635307794809341
5,20480,-19.26293159500485,69.44827586206897,0.46551724137931033,0.052921622590129745,0.026796545496146226,-0.014267348358407617,10.055043798685073,1.625741183012724,10.040776467323303
