epoch,env_steps,avg_ep_return,avg_ep_len,success_rate,avg_final_goal_dist,avg_min_goal_dist,policy_loss,value_loss,entropy,loss
1,4096,-1.5227123935934617,8.67584745762712,1.0,0.0425456648976621,0.0425456648976621,-0.016667532198230868,3.754741466471127,1.5991360832537924,3.738073923758098
2,8192,-1.3137944875235565,7.974658869395712,1.0,0.041902068766382236,0.041902068766382236,-0.015235128094597409,3.0785593887170157,1.5945708267390728,3.0633242800831795
3,12288,-1.1890447818320096,7.632462686567164,0.9981343283582089,0.042406313743358896,0.04230357720794629,-0.016574862884590404,3.31837602853775,1.5889224760234355,3.3018011644482614
4,16384,-0.9961477475610497,6.938879456706282,0.99830220713073,0.04241910343120074,0.0423308804359268,-0.014156027120770886,2.852842518687248,1.5838081508874893,2.8386864930391313
5,20480,-0.8404221875529907,6.444094488188976,1.0,0.0419514531519,0.0419514531519,-0.0164752588578267,2.5193883642554282,1.5761049687862396,2.5029131181538107
