epoch,env_steps,avg_ep_return,avg_ep_len,success_rate,avg_final_goal_dist,avg_min_goal_dist,policy_loss,value_loss,entropy,loss
1,4096,-4.341728325288881,23.674418604651162,0.9534883720930233,0.017039703879353784,0.015481553617106793,-0.014615842237253674,4.816450437903404,1.613702368736267,4.801834598183632
2,8192,-4.095636080645222,22.552486187845304,0.9392265193370166,0.017623793821298202,0.015891796681587456,-0.011763111138134264,4.997278229892254,1.6089601188898086,4.985515116155147
3,12288,-3.9052306026836754,21.52127659574468,0.9468085106382979,0.016979035897864068,0.016061963351255162,-0.01056658721936401,4.984272146224976,1.6048793122172356,4.97370553612709
4,16384,-3.9841808140165633,21.983870967741936,0.9301075268817204,0.017403253589466375,0.01619424628374237,-0.010171959310537205,4.844910490512848,1.6005507685244083,4.834738546609879
5,20480,-3.592888429239415,20.34328358208955,0.9303482587064676,0.017364591413376786,0.016122063119149772,-0.010652108452632092,4.441424797475338,1.594479563087225,4.430772669613361
