epoch,env_steps,avg_ep_return,avg_ep_len,success_rate,avg_final_goal_dist,avg_min_goal_dist,policy_loss,value_loss,entropy,loss
1,4096,-0.19651910094090608,4.308602150537634,0.9967741935483871,0.03889447693983393,0.03872870800676205,-0.014717927415040322,2.17298586666584,1.5896059550344943,2.158267941325903
2,8192,-0.19522955815618145,4.261186264308012,0.9947970863683663,0.03922580399586355,0.03890897437850639,-0.014588262117467821,2.36566746532917,1.5888591207563878,2.3510792002081873
3,12288,-0.08941107769337435,3.930902111324376,0.9990403071017274,0.03840343298966104,0.03833827441969382,-0.012224324455019087,1.009637432359159,1.5869149267673492,0.9974131068214774
4,16384,-0.003576896117601243,3.673542600896861,1.0,0.037910671998233,0.037910671998233,-0.02053362568646359,0.07929460327917089,1.582363282640775,0.058760977388980486
5,20480,0.011507833167204934,3.636767317939609,0.9991119005328597,0.03791221568516421,0.03784000504179651,-0.010709384416986722,0.5327268880791962,1.5739101022481918,0.5220175026915967
