epoch,env_steps,avg_ep_return,avg_ep_len,success_rate,avg_final_goal_dist,avg_min_goal_dist,policy_loss,value_loss,entropy,loss
1,4096,-0.31711000540522544,4.636466591166478,0.9943374858437146,0.03926514232972065,0.038868555071366065,-0.01156311585509684,3.2759663220494986,1.468134680762887,3.2644031904637814
2,8192,-0.24325403736590856,4.369263607257204,0.9957310565635006,0.039371574935657364,0.03900297813856996,-0.009140915438183583,2.5714850977063177,1.4664316929876804,2.5623441889882086
3,12288,-0.09877217541943763,4.006849315068493,1.0,0.03811652701595933,0.03811652701595933,-0.011644147472300878,0.5342875577819844,1.4627939214309056,0.5226434110663831
4,16384,-0.020418342058750486,3.727686703096539,1.0,0.03804939447008141,0.03804939447008141,-0.013467981101712212,0.12705995965128145,1.458624005317688,0.11359197840405007
5,20480,-0.01379386798672072,3.692515779981966,0.9990982867448152,0.03800515784748483,0.03793547736065978,-0.015186929715855512,0.7581057993695139,1.4541925504803657,0.7429188672918826
