epoch,env_steps,avg_ep_return,avg_ep_len,success_rate,avg_final_goal_dist,avg_min_goal_dist,policy_loss,value_loss,entropy,loss
1,4096,-47.88805522807634,92.8409090909091,0.09090909090909091,0.3682294976474209,0.12387860540977934,-0.010054857403156347,58.61092162132263,1.673670657724142,58.60086681842804
2,8192,-39.35577713785466,78.07692307692308,0.2692307692307692,0.29584181029349566,0.12478778783518535,-0.01041538548306562,54.643199467658995,1.6699192725121974,54.63278398513794
3,12288,-37.04778432722829,82.59183673469387,0.20408163265306123,0.24857341330878588,0.09588380378423905,-0.009849467090680264,42.06046073436737,1.6663593776524066,42.050611352920534
4,16384,-38.135138141282994,88.58695652173913,0.15217391304347827,0.23005565944249215,0.09788320456510005,-0.010477936439565383,37.07766261100769,1.6626565009355545,37.06718468666077
5,20480,-34.48964234866931,85.27083333333333,0.22916666666666666,0.1839612259839972,0.08858837575341265,-0.011046835849992932,31.238472652435302,1.6600608058273791,31.227425742149354
