epoch,env_steps,avg_ep_return,avg_ep_len,success_rate,avg_final_goal_dist,avg_min_goal_dist,policy_loss,value_loss,entropy,loss
1,4096,-0.31916411738689593,4.6991963260619976,1.0,0.04036514507446237,0.04036514507446237,-0.014506240710034035,0.34368948242627084,1.5479138456285,0.3291832434479147
2,8192,-0.3810800448357726,4.901796407185628,0.9988023952095808,0.040435714644943166,0.0403964843712524,-0.01579076754777426,0.9829507965062346,1.544042430818081,0.9671600285385337
3,12288,-0.3423795409106704,4.691867124856816,0.9965635738831615,0.0403893339487149,0.0400246812749701,-0.008608485490549355,2.407224079966545,1.5404833197593688,2.3986155901104214
4,16384,-0.23289398147543047,4.422246220302376,1.0,0.03986565365011504,0.03986565365011504,-0.009231257427018136,0.5588293951004744,1.5379422133167584,0.5495981356749932
5,20480,-0.21948615281035627,4.325237592397043,0.9978880675818373,0.03960675980262419,0.039318385729694066,-0.013000841633765959,1.6862396121025085,1.5347907677292825,1.6732387714087964
