epoch,env_steps,avg_ep_return,avg_ep_len,success_rate,avg_final_goal_dist,avg_min_goal_dist,policy_loss,value_loss,entropy,loss
1,4096,-33.766275937253134,92.70454545454545,0.11363636363636363,0.16985287496142767,0.06377968132834543,-0.011604761857597623,21.559763276576994,1.602483720332384,21.548158514499665
2,8192,-33.529421950760145,92.29545454545455,0.11363636363636363,0.14455600739033383,0.06716668360273946,-0.010233606427209451,20.51727020740509,1.5988184191286563,20.50703650712967
3,12288,-30.23075018445264,85.65957446808511,0.2765957446808511,0.13697610971854723,0.059065082982341026,-0.008912276686169207,19.218811416625975,1.5934978507459163,19.209899139404296
4,16384,-28.62003071220331,87.26086956521739,0.1956521739130435,0.1125070266628071,0.050857695690153734,-0.009433487837668508,15.770055115222931,1.589632224291563,15.7606216609478
5,20480,-32.677114234554885,91.4090909090909,0.13636363636363635,0.14631059276871383,0.06713708174753595,-0.007484795764321461,19.53484570980072,1.5881630212068558,19.527360904216767
