epoch,env_steps,avg_ep_return,avg_ep_len,success_rate,avg_final_goal_dist,avg_min_goal_dist,policy_loss,value_loss,entropy,loss
1,4096,-23.276417429114613,61.723076923076924,0.5230769230769231,0.14174706746752447,0.059186134888575624,-0.015157165611162782,23.92272664308548,1.7233273334801198,23.90756949186325
2,8192,-20.995569255036926,57.140845070422536,0.5915492957746479,0.12087626248912912,0.05562468673246847,-0.014245735763688571,21.60508860349655,1.7183942176401614,21.59084286689758
3,12288,-11.13081749878097,35.1551724137931,0.8275862068965517,0.06581136752883422,0.048566783633853854,-0.016514971926517318,13.846894538402557,1.715114378929138,13.830379575490952
4,16384,-8.855648867479944,30.526315789473685,0.924812030075188,0.05076846271697292,0.04493156614664354,-0.016379469976527616,9.980482584238052,1.710823729634285,9.964103105664254
5,20480,-6.830804440523322,24.261904761904763,0.9464285714285714,0.05141804569090406,0.0444009993668823,-0.014059443509904668,10.310724130272865,1.7055893793702126,10.296664696931838
