epoch,env_steps,avg_ep_return,avg_ep_len,success_rate,avg_final_goal_dist,avg_min_goal_dist,policy_loss,value_loss,entropy,loss
1,4096,-47.58730919982747,94.32558139534883,0.09302325581395349,0.34396472945809364,0.11550203450890474,-0.01212915534269996,56.19114136695862,1.6742042168974876,56.17901220321655
2,8192,-44.17243857633094,88.82222222222222,0.13333333333333333,0.3264823654873504,0.11720759599573083,-0.011025543493451551,53.47277913093567,1.6717960737645625,53.461753606796265
3,12288,-43.11823578604704,90.77777777777777,0.1111111111111111,0.2973999573952622,0.11911371010873052,-0.010881221585441381,47.38457775115967,1.6710370138287545,47.37369658946991
4,16384,-36.04336802762028,82.48979591836735,0.2653061224489796,0.22536256297358445,0.09075287892958339,-0.010227636486524716,38.4414119720459,1.6691306829452515,38.43118426799774
5,20480,-36.077807343337405,84.83333333333333,0.20833333333333334,0.22641782470357916,0.0928539838641882,-0.009886280781938695,34.79332302808761,1.664455672353506,34.78343698978424
