epoch,env_steps,avg_ep_return,avg_ep_len,success_rate,avg_final_goal_dist,avg_min_goal_dist,policy_loss,value_loss,entropy,loss
1,4096,-13.376939705122734,56.27777777777778,0.6805555555555556,0.03015652259475448,0.020592805379742965,-0.01651280360399849,7.636326779921849,1.5151385093728702,7.619813952181074
2,8192,-12.43743778143448,54.25675675675676,0.7027027027027027,0.031097052543348557,0.019154490827507264,-0.011392798553320713,7.131303510495594,1.5113069510885648,7.119910687208176
3,12288,-8.334735283670899,39.18446601941748,0.8737864077669902,0.019828313468837913,0.016821661851034293,-0.019019938484416344,7.1737207680940624,1.5091481901705266,7.15470082461834
4,16384,-6.602093917971318,31.73643410852713,0.937984496124031,0.018532909138864555,0.016371108263066803,-0.016611006061430088,7.789036926627159,1.5053099274635315,7.772425925731659
5,20480,-6.477877604734077,31.713178294573645,0.9069767441860465,0.017552413259336885,0.01573925932811559,-0.012196861216216348,7.221581238508224,1.4995935074985027,7.2093843698501585
