epoch,env_steps,avg_ep_return,avg_ep_len,success_rate,avg_final_goal_dist,avg_min_goal_dist,policy_loss,value_loss,entropy,loss
1,4096,-5.497147875052871,28.15277777777778,0.9166666666666666,0.019587751228957333,0.016716556245228276,-0.01154204192183291,5.250716507434845,1.856150674323241,5.239174465338389
2,8192,-4.42215124370672,24.357142857142858,0.9523809523809523,0.01589339573651419,0.015243861016296293,-0.016679036611458288,4.421289975941181,1.8545938797295094,4.404610915482044
3,12288,-3.957074598772193,22.043478260869566,0.9347826086956522,0.01714729119102349,0.01575361386842459,-0.01762226490827743,4.386350445449352,1.8515981405973434,4.368728172779083
4,16384,-3.3750228887816975,19.215962441314552,0.9577464788732394,0.017321131466516235,0.01619097289515598,-0.01582330315723084,4.14320038408041,1.8476745054125785,4.127377089858055
5,20480,-3.080738100215653,18.173333333333332,0.9644444444444444,0.016401819876498646,0.015726155547632112,-0.014361774994176813,4.091104175150394,1.8405692614614964,4.076742389798165
