epoch,env_steps,avg_ep_return,avg_ep_len,success_rate,avg_final_goal_dist,avg_min_goal_dist,policy_loss,value_loss,entropy,loss
1,4096,-0.6433864211655475,5.625,0.9917582417582418,0.04073515054923329,0.04001733901716032,-0.014219275227515028,3.7672580376267435,1.4491902977228164,3.753038780391216
2,8192,-0.3951664564538072,4.96,0.9987878787878788,0.04067106134512208,0.040633717978542504,-0.020117654363275506,0.9620454758405685,1.4441536404192448,0.9419278187677265
3,12288,-0.2609522504877938,4.52596685082873,1.0,0.03973155211636704,0.03973155211636704,-0.02178772180341184,0.2926460448652506,1.43390134871006,0.2708583228290081
4,16384,-0.23640940371953253,4.45,1.0,0.039581053047036026,0.039581053047036026,-0.015684174470758688,0.26614624572296935,1.4277583161989849,0.2504620730566482
5,20480,-0.19026944299818352,4.295907660020986,1.0,0.03948020518357706,0.03948020518357706,-0.020153965597273782,0.31946702452842146,1.4223991697654128,0.2993130579125136
