epoch,env_steps,avg_ep_return,avg_ep_len,success_rate,avg_final_goal_dist,avg_min_goal_dist,policy_loss,value_loss,entropy,loss
1,4096,-3.937293233620589,16.23015873015873,0.9880952380952381,0.04446717707203731,0.04370443168879738,-0.019246096015974348,6.3267224218164175,1.671540962798255,6.307476328951972
2,8192,-3.524975176790658,15.11070110701107,0.988929889298893,0.04333560166681165,0.04281644960968477,-0.018521784400218167,6.089241063594818,1.669848132878542,6.07071927189827
3,12288,-2.926364725510136,12.993630573248408,0.9872611464968153,0.04453755560431891,0.04340340693000775,-0.01569613143510651,6.272989589720964,1.667435965500772,6.257293451577425
4,16384,-2.585322933214333,12.136498516320474,0.9940652818991098,0.04327808342354499,0.04285917718250868,-0.016997293295894958,5.208657628960079,1.6637555617425177,5.19166033466657
5,20480,-1.9081256047708834,9.932038834951456,0.9975728155339806,0.043094034636736785,0.04285866472852028,-0.015978291936335154,4.5496183842420574,1.659960539638996,4.533640091121197
