epoch,env_steps,avg_ep_return,avg_ep_len,success_rate,avg_final_goal_dist,avg_min_goal_dist,policy_loss,value_loss,entropy,loss
1,4096,-38.840553791432384,96.97619047619048,0.047619047619047616,0.23987883502351387,0.08258138636925391,-0.012373829021817074,27.06599853038788,1.7997334770858289,27.05362467765808
2,8192,-34.14403536375735,93.11627906976744,0.11627906976744186,0.17370526069168782,0.06360178558848971,-0.010004018251493108,21.528599441051483,1.797212679684162,21.518595480918883
3,12288,-31.89239197664607,91.63636363636364,0.13636363636363635,0.1282628983555531,0.06195036971687593,-0.009181869734311477,18.135980987548827,1.79526422098279,18.126799112558366
4,16384,-29.03922278584224,89.13333333333334,0.2,0.10332782483763164,0.04459930484493573,-0.010456059995340184,15.224073737859726,1.7928015306591987,15.213617616891861
5,20480,-28.67041161485968,89.82222222222222,0.2,0.09414708426015245,0.042703490228288704,-0.008933263085782527,14.341604363918304,1.788849850744009,14.3326710999012
