epoch,env_steps,avg_ep_return,avg_ep_len,success_rate,avg_final_goal_dist,avg_min_goal_dist,policy_loss,value_loss,entropy,loss
1,4096,-0.5312219321204708,5.346965699208443,0.9947229551451188,0.040827310967227165,0.040490048700368576,-0.01338062809954863,2.482965970784426,1.4379978261888027,2.469585345685482
2,8192,-0.5516361379121465,5.316883116883117,0.9935064935064936,0.041144116781651974,0.04060486272316088,-0.007857529672037344,3.4325692113488913,1.4362289607524872,3.424711674451828
3,12288,-0.4611343044959198,5.0945273631840795,0.996268656716418,0.04089871013481448,0.040511987007579846,-0.012699027333292178,2.4785499326884746,1.437048438936472,2.4658509001135824
4,16384,-0.4481539279591428,5.076923076923077,0.9950372208436724,0.040397300431158197,0.040113273635968824,-0.014309571526246146,2.485574460029602,1.435375738143921,2.4712648764252663
5,20480,-0.3262607448735662,4.67351598173516,0.997716894977169,0.04013446692938674,0.03998304440822775,-0.013656712707597763,1.4745910607278347,1.4302737839519977,1.4609343454241752
