epoch,env_steps,avg_ep_return,avg_ep_len,success_rate,avg_final_goal_dist,avg_min_goal_dist,policy_loss,value_loss,entropy,loss
1,4096,-2.769930209646802,16.732217573221757,0.9623430962343096,0.01658215648475177,0.015678330480460093,-0.01058370650280267,4.354041020572185,1.473310288786888,4.343457312881947
2,8192,-2.779792167639576,16.91322314049587,0.9421487603305785,0.01668753172222848,0.01565058982482734,-0.011621393974766962,3.9714159700605602,1.4695111074381404,3.9597945941819086
3,12288,-2.7546554431389554,16.892116182572614,0.9377593360995851,0.016211990712411486,0.015524737317601983,-0.011132070817984641,3.992280140519142,1.4662077337503434,3.9811480820178984
4,16384,-2.6113556683659134,16.152,0.96,0.015917413323186337,0.015418982199393213,-0.010625435339170508,4.032732306420803,1.462313785403967,4.0221068665385245
5,20480,-2.8261291351243774,17.41276595744681,0.9446808510638298,0.016839609461578916,0.015987226335292166,-0.013019745729980058,3.714025968313217,1.4573711208999156,3.7010062232613565
