epoch,env_steps,avg_ep_return,avg_ep_len,success_rate,avg_final_goal_dist,avg_min_goal_dist,policy_loss,value_loss,entropy,loss
1,4096,-38.38976775263124,87.1063829787234,0.19148936170212766,0.2648262679576874,0.09934836269376125,-0.010199814150109888,37.749622225761414,1.6179002679884433,37.73942239284516
2,8192,-37.118823592951266,85.08510638297872,0.19148936170212766,0.24108423157892328,0.09305829974882146,-0.01019420038210228,36.48949706554413,1.6175796821713448,36.47930290699005
3,12288,-31.38393333098996,74.48148148148148,0.3333333333333333,0.21171984421434226,0.09751774667313805,-0.010429101102636196,31.90371518135071,1.6191083371639252,31.893286168575287
4,16384,-25.381292766896692,66.88333333333334,0.45,0.150588281887273,0.07183663230389356,-0.011129588942276314,23.79658023118973,1.6152551189064979,23.785450685024262
5,20480,-26.331296260064285,69.46551724137932,0.43103448275862066,0.14716998725358782,0.06922220515793767,-0.010832125990418717,24.294715583324432,1.609928222745657,24.283883464336395
