epoch,env_steps,avg_ep_return,avg_ep_len,success_rate,avg_final_goal_dist,avg_min_goal_dist,policy_loss,value_loss,entropy,loss
1,4096,-18.178032570607282,67.41666666666667,0.55,0.04970912632221977,0.023354362323880197,-0.014407344258506783,9.599891966581344,1.6755321860313415,9.58548462986946
2,8192,-16.359932859588277,61.39393939393939,0.6818181818181818,0.03902235230656736,0.022422041278332472,-0.011315048189966806,9.552371765886035,1.6742623788969857,9.541056752204895
3,12288,-15.337738037711029,61.72727272727273,0.6515151515151515,0.03642777783909079,0.01993665269886454,-0.009142365079605952,8.456598672270776,1.6711770631372929,8.447456285357475
4,16384,-13.40976499307555,55.310810810810814,0.7162162162162162,0.02806310369507284,0.018772984389215708,-0.012122710018593353,8.650993701815604,1.6647857792675496,8.63887095451355
5,20480,-11.24835214241909,48.95180722891566,0.8674698795180723,0.02087429545662669,0.016853959832609778,-0.014061627446790226,8.412164533138276,1.6578106708824634,8.39810286462307
