epoch,env_steps,avg_ep_return,avg_ep_len,success_rate,avg_final_goal_dist,avg_min_goal_dist,policy_loss,value_loss,entropy,loss
1,4096,-37.66821043424149,96.16666666666667,0.09523809523809523,0.20838211004489235,0.07791078562981316,-0.010516085528070106,27.998852241039277,1.6556911922991275,27.98833613395691
2,8192,-39.66390016093382,95.88095238095238,0.07142857142857142,0.25113157289368765,0.09091736748814583,-0.012093736504903063,31.415990197658537,1.6515924371778965,31.40389643907547
3,12288,-34.68676366173591,92.5,0.09090909090909091,0.19996915411055935,0.06846974024400962,-0.011129508455633185,24.803870856761932,1.6481899432837963,24.79274139404297
4,16384,-28.829345302833605,84.4375,0.22916666666666666,0.1359580775606446,0.046834292297717184,-0.008104746873141267,18.74897789955139,1.6440847158432006,18.74087314605713
5,20480,-31.21726680690646,86.17021276595744,0.2127659574468085,0.15693809650838375,0.06014931039448748,-0.007921589468605817,22.076090109348296,1.6387304604053496,22.068168592453002
