epoch,env_steps,avg_ep_return,avg_ep_len,success_rate,avg_final_goal_dist,avg_min_goal_dist,policy_loss,value_loss,entropy,loss
1,4096,-0.006420069538445602,3.6774483378256964,0.9973045822102425,0.037258744320973605,0.03713080169581151,-0.009627402032492682,1.557477393746376,1.4996438510715961,1.547849988564849
2,8192,0.02947678753705163,3.5630983463881636,0.999129677980853,0.03707754234495606,0.03695983986886586,-0.009545124031137674,0.7959041114896536,1.4968169808387757,0.7863589882850647
3,12288,0.061656743719887594,3.4623837700760776,0.9991546914623838,0.037145102581612306,0.03708106355658171,-0.012072880371124483,0.7026513184886426,1.492819032073021,0.6905784404836595
4,16384,0.10236317638795998,3.3494271685761046,1.0,0.03658292241014979,0.03658292241014979,-0.013042325522595396,0.07884334299402933,1.4882569735248883,0.0658010176460569
5,20480,0.11002214528137728,3.3034705407586764,0.9991928974979822,0.0366090184101674,0.036544920421860166,-0.00654638720152434,0.5816842743661255,1.4848825205117464,0.5751378883142024
