epoch,env_steps,avg_ep_return,avg_ep_len,success_rate,avg_final_goal_dist,avg_min_goal_dist,policy_loss,value_loss,entropy,loss
1,4096,-0.5744749426167366,5.602739726027397,0.9986301369863013,0.04088707563709723,0.04075859522778694,-0.0199955243995646,1.8484700597822665,1.4978154554963112,1.828474536538124
2,8192,-0.49231844015429493,5.36697247706422,0.9986893840104849,0.04102210021976914,0.0410052151339883,-0.012695290638172688,1.2662203821043174,1.494977464278539,1.2535250907142956
3,12288,-0.4056805372235039,4.934939759036145,0.9987951807228915,0.04046822269839874,0.040233889241220365,-0.00795528752496466,1.5381573317572474,1.4938114248216152,1.5302020395174623
4,16384,-0.3369415718962408,4.76046511627907,0.9988372093023256,0.04017116602965046,0.04011868322593008,-0.01440991171693895,0.6854123785160482,1.492145949974656,0.6710024641361088
5,20480,-0.2375863989259369,4.454842219804135,1.0,0.04007904663159065,0.04007904663159065,-0.023237225305638275,0.3537053789012134,1.4859925836324692,0.3304681532084942
