epoch,env_steps,avg_ep_return,avg_ep_len,success_rate,avg_final_goal_dist,avg_min_goal_dist,policy_loss,value_loss,entropy,loss
1,4096,-1.0509126408936404,7.055172413793104,0.9913793103448276,0.041866632666567274,0.04141082174048342,-0.015439301039441489,4.500418742001057,1.4697573773562909,4.484979444742203
2,8192,-0.7727918276407518,6.131736526946108,0.9970059880239521,0.0411020393042775,0.04096185893913407,-0.018156415922567247,2.807719485461712,1.4639559045433999,2.789563071727753
3,12288,-1.017051564258226,6.81198003327787,0.9883527454242929,0.042123444485299893,0.04109750603311718,-0.008371917634212878,5.066225171089172,1.4594475388526917,5.0578532502055165
4,16384,-0.5691347298393782,5.524966261808367,0.9986504723346828,0.040808062862187584,0.0407200525722161,-0.013237137687004482,1.3495977098743122,1.4557512526710827,1.3363605712850888
5,20480,-0.5564980829122437,5.452729693741678,0.9973368841544608,0.04066780266834401,0.04053845170503371,-0.01689384621713543,1.808262638747692,1.451690425723791,1.791368790343404
