epoch,env_steps,avg_ep_return,avg_ep_len,success_rate,avg_final_goal_dist,avg_min_goal_dist,policy_loss,value_loss,entropy,loss
1,4096,-45.773710166342326,89.55555555555556,0.1111111111111111,0.35364278927445414,0.12286713909771707,-0.009291297727031633,57.85021975040436,1.6755777783691883,57.84092843532562
2,8192,-45.42775606827655,92.27272727272727,0.11363636363636363,0.33228883833031764,0.1240033039145849,-0.010208027696353383,50.98591108322144,1.674313487112522,50.97570292949676
3,12288,-41.95177032485378,91.0,0.13333333333333333,0.2828866170512305,0.10651081767347124,-0.00985207878984511,44.39406831264496,1.6709034524857997,44.38421623706817
4,16384,-37.865867209598505,82.6938775510204,0.22448979591836735,0.2590370153514098,0.0995726396462747,-0.010504826149553993,43.44675555229187,1.667254712432623,43.43625073432922
5,20480,-38.05547506814798,81.68,0.26,0.2932507557421923,0.10268237061798573,-0.010338529752334579,43.203367471694946,1.6654441319406033,43.19302897453308
