epoch,env_steps,avg_ep_return,avg_ep_len,success_rate,avg_final_goal_dist,avg_min_goal_dist,policy_loss,value_loss,entropy,loss
1,4096,-1.8270833296113036,9.272108843537415,0.9727891156462585,0.04397953305469484,0.04210399690584666,-0.015258439747008702,7.488491028547287,1.4801592313581042,7.473232583867179
2,8192,-1.6104217786824433,8.478260869565217,0.979296066252588,0.04461771784269292,0.04237104893717954,-0.013406592309183906,8.039411449432373,1.4751731291413308,8.026004883646966
3,12288,-1.1558071544075228,7.248214285714286,0.9857142857142858,0.043021270253562505,0.04198258362843522,-0.012085362647485453,4.745659579336643,1.4708139345049858,4.733574214577675
4,16384,-1.010074626369258,6.757425742574258,0.9900990099009901,0.042580031390261924,0.0414554610350492,-0.01170387965394184,4.5750433400273325,1.4681716412305832,4.563339449465275
5,20480,-0.6924471372618133,5.873744619799139,0.9971305595408895,0.04151859149935427,0.041231655872492404,-0.013729168617282994,2.048325877636671,1.4646871365606784,2.0345967117697
