epoch,env_steps,avg_ep_return,avg_ep_len,success_rate,avg_final_goal_dist,avg_min_goal_dist,policy_loss,value_loss,entropy,loss
1,4096,-1.1962246318916692,7.286476868327402,0.9893238434163701,0.04291967206777097,0.041633211086202555,-0.012364948450704105,5.327356798946857,1.4055271096527577,5.314991837739944
2,8192,-0.8978335043877098,6.5279106858054226,0.9952153110047847,0.041648989224708395,0.04128691398329213,-0.01442927089810837,2.784424304962158,1.4029666565358638,2.769995039701462
3,12288,-0.7692598151835849,6.136431784107946,0.9970014992503748,0.041492639725254306,0.04121714415282815,-0.012973108858568594,2.2834918558597566,1.3977740749716758,2.2705187469720842
4,16384,-0.5840850468586803,5.563858695652174,0.998641304347826,0.04110434248856188,0.041029011065130246,-0.017540377704426645,1.2207124285399913,1.3913053676486016,1.2031720483675599
5,20480,-0.48125176200856556,5.231162196679438,1.0,0.04127287623944715,0.04127287623944715,-0.010762234291178174,0.8431966458447278,1.3876929078251123,0.8324344074353576
