epoch,env_steps,avg_ep_return,avg_ep_len,success_rate,avg_final_goal_dist,avg_min_goal_dist,policy_loss,value_loss,entropy,loss
1,4096,-5.154696104843334,26.57792207792208,0.9285714285714286,0.01896059040476072,0.01602395568587273,-0.01566284321306739,6.083987084031105,1.4306495539844035,6.068324249982834
2,8192,-4.88597674202279,25.37888198757764,0.9316770186335404,0.017470387073800615,0.016142146421816224,-0.0127210116450442,5.952651619911194,1.4269835777580737,5.939930632710457
3,12288,-4.479069532088434,23.552325581395348,0.9418604651162791,0.01767938421784662,0.016150163022292302,-0.013673094182740897,5.990076294541359,1.420349682122469,5.976403203606606
4,16384,-4.2744900304956985,22.81564245810056,0.9385474860335196,0.018123123147030615,0.016509751375639738,-0.011622951380559243,5.882557106018067,1.4139303617179393,5.870934158563614
5,20480,-4.4018772306083935,23.394285714285715,0.9371428571428572,0.01759805839508772,0.01566253592393228,-0.010570663498947397,5.6686579316854475,1.4075806088745595,5.658087280392647
