epoch,env_steps,avg_ep_return,avg_ep_len,success_rate,avg_final_goal_dist,avg_min_goal_dist,policy_loss,value_loss,entropy,loss
1,4096,-41.236782339268366,95.47619047619048,0.07142857142857142,0.253612854562345,0.09218762322728123,-0.010879209340782837,35.27706069946289,1.6220845147967338,35.266181516647336
2,8192,-39.66928469646727,89.33333333333333,0.1111111111111111,0.2471361950867706,0.09557032109134728,-0.011029153960407712,37.51591396331787,1.621233107149601,37.504884696006776
3,12288,-39.77267538753688,93.76744186046511,0.06976744186046512,0.24725148250717063,0.09665496902930182,-0.010091047096648254,32.77488534450531,1.6174967244267464,32.76479437351227
4,16384,-40.18002669945837,96.38095238095238,0.023809523809523808,0.23153221749124073,0.09660502438921303,-0.01023095214914065,30.931882333755492,1.613091019541025,30.921651446819304
5,20480,-37.226696607370364,94.13953488372093,0.06976744186046512,0.19388144456803105,0.08211718748735133,-0.010868969809962437,26.441053998470306,1.6081841595470905,26.430185067653657
