epoch,env_steps,avg_ep_return,avg_ep_len,success_rate,avg_final_goal_dist,avg_min_goal_dist,policy_loss,value_loss,entropy,loss
1,4096,-0.7714635768673477,6.1233082706766915,0.9969924812030075,0.042207896082024826,0.041805755156547504,-0.01166379485221114,2.2893279949203134,1.5706561850383878,2.277664196677506
2,8192,-0.6267265974370734,5.676837725381414,0.9972260748959778,0.041341361033002975,0.0411502118771392,-0.016037135555961868,1.578342869412154,1.5649312501773238,1.5623057400807738
3,12288,-0.638682035557546,5.7296918767507,0.9971988795518207,0.041105130864750775,0.04097762756592253,-0.015644373143004486,1.687782860826701,1.5581522518768907,1.672138484660536
4,16384,-0.5026344077980738,5.290697674418604,0.9987080103359173,0.040108321553447526,0.04004177013267727,-0.009142363604041748,1.0297600300982594,1.5533981751650572,1.020617668516934
5,20480,-0.5448668817027086,5.423841059602649,0.9960264900662251,0.04073550422361355,0.04057021335458124,-0.010335384780773893,2.1954646185040474,1.550234328955412,2.1851292349398137
