epoch,env_steps,avg_ep_return,avg_ep_len,success_rate,avg_final_goal_dist,avg_min_goal_dist,policy_loss,value_loss,entropy,loss
1,4096,-31.0810595044411,89.84444444444445,0.17777777777777778,0.13190088112735085,0.05373846087604761,-0.012343692008289508,17.773696553707122,1.401859624683857,17.761352854967118
2,8192,-24.336921033090313,81.82,0.3,0.08735934588126838,0.03736875026486814,-0.00945536999788601,11.807908034324646,1.3982451237738132,11.798452609777451
3,12288,-25.236480497544445,82.3061224489796,0.2653061224489796,0.09089552058021025,0.03572829084812987,-0.011702800664352253,12.786527281999588,1.3973812095820903,12.774824464321137
4,16384,-21.35830143734242,74.34545454545454,0.36363636363636365,0.06600398283282465,0.03227628825909712,-0.01096776085323654,10.90468327999115,1.3944842293858528,10.89371553659439
5,20480,-19.72835210737853,72.33928571428571,0.5,0.054089988415528624,0.02474174601957202,-0.011922442639479414,9.614147758483886,1.389089537411928,9.602225285768508
