epoch,env_steps,avg_ep_return,avg_ep_len,success_rate,avg_final_goal_dist,avg_min_goal_dist,policy_loss,value_loss,entropy,loss
1,4096,-37.3983988835538,84.91666666666667,0.20833333333333334,0.24902578462691358,0.09185750188771635,-0.014255683447117917,37.45870525836945,1.6654668845236302,37.44444949626923
2,8192,-29.675166141057964,74.31481481481481,0.37037037037037035,0.17171522264403324,0.07732999952578987,-0.011370161309605465,28.922908902168274,1.6633832268416882,28.911538743972777
3,12288,-23.48185734609052,62.0,0.5606060606060606,0.12548859940954682,0.06887769370311589,-0.013901860234909691,24.653675627708434,1.6602157421410084,24.639773786067963
4,16384,-22.428935444263495,62.646153846153844,0.5846153846153846,0.11905066560094173,0.059345411222714646,-0.011578548874240369,20.777679407596587,1.6565801098942756,20.76610083580017
5,20480,-16.715509077918377,50.46913580246913,0.7901234567901234,0.07812376869957388,0.05005119982416983,-0.01332380659005139,15.796367871761323,1.6528000965714456,15.783044087886811
