epoch,env_steps,avg_ep_return,avg_ep_len,success_rate,avg_final_goal_dist,avg_min_goal_dist,policy_loss,value_loss,entropy,loss
1,4096,-0.37916824611482525,4.882002383790226,0.99880810488677,0.039950939978742626,0.03981695875871807,-0.011040269501972944,0.9460738725960255,1.439874142408371,0.9350336024537682
2,8192,-0.48358831742598385,5.112388250319285,0.9948914431673053,0.04099373615645396,0.04036335354149913,-0.014060558288474568,3.5550501152873037,1.4370040781795979,3.540989550203085
3,12288,-0.32150893171105893,4.675799086757991,0.997716894977169,0.040113599273508,0.04005478949766589,-0.012587919292855076,0.7717535230331123,1.4354947693645954,0.7591655956348404
4,16384,-0.2684986732297984,4.522651933701657,0.9988950276243094,0.039635557509464785,0.03953944558781978,-0.006380773207638413,0.823282481636852,1.4336325116455555,0.8169017028994858
5,20480,-0.2121981064151034,4.343584305408272,0.9989395546129375,0.03973611212441202,0.03963579861733624,-0.01627099451434333,0.945114630041644,1.430509583093226,0.9288436325732619
