epoch,env_steps,avg_ep_return,avg_ep_len,success_rate,avg_final_goal_dist,avg_min_goal_dist,policy_loss,value_loss,entropy,loss
1,4096,-0.15624456011796503,4.095,0.995,0.03827976428158581,0.037808632424101235,-0.01324089300178457,3.0820250265300273,1.5286794319748878,3.0687841318547724
2,8192,-0.027675921868099012,3.7372262773722627,0.9981751824817519,0.0378327037893528,0.03759976973830226,-0.012205951934447512,1.6009669445455075,1.5259356692433357,1.5887609973549843
3,12288,-0.035285767061003295,3.78003696857671,0.9972273567467652,0.037629721145698194,0.0374351394381684,-0.01387655858998187,1.660101193189621,1.5224951222538947,1.6462246332317592
4,16384,0.048975343947352555,3.4829931972789114,0.9991496598639455,0.037666426397397555,0.03758574470000177,-0.010942424897802994,0.7983981517609209,1.5216111205518246,0.787455726088956
5,20480,0.03281079779619815,3.552471812662619,0.9982653946227233,0.03733818620243025,0.0372281460316023,-0.013444134015298915,0.9857849452644587,1.5201326496899128,0.9723408160731196
