epoch,env_steps,avg_ep_return,avg_ep_len,success_rate,avg_final_goal_dist,avg_min_goal_dist,policy_loss,value_loss,entropy,loss
1,4096,-19.43391674527758,71.85714285714286,0.39285714285714285,0.0542453112097324,0.02757603253537257,-0.016333020676393063,9.426748836040497,1.9116222940385341,9.410415804386139
2,8192,-17.257887001189335,65.35483870967742,0.5,0.045761844715959725,0.024114662783235433,-0.014157298469217493,9.131638100743293,1.9063717171549797,9.11748077571392
3,12288,-13.80461405418769,56.34722222222222,0.6666666666666666,0.03581723654901402,0.020145114317225914,-0.016716774180531503,8.337175998091698,1.9009988710284234,8.320459225773812
4,16384,-10.490790845386789,45.010989010989015,0.7802197802197802,0.02792179558917389,0.018471286795869634,-0.016708514954370913,8.664229071140289,1.8965497627854346,8.647520571947098
5,20480,-7.375196486451292,34.49152542372882,0.9322033898305084,0.019730481064594272,0.016213802902927718,-0.01724704905645922,7.932593774795532,1.8906331412494182,7.9153467357158664
