epoch,env_steps,avg_ep_return,avg_ep_len,success_rate,avg_final_goal_dist,avg_min_goal_dist,policy_loss,value_loss,entropy,loss
1,4096,-50.945028984618624,98.41463414634147,0.024390243902439025,0.38879745898813733,0.13170974519921513,-0.009238588793959935,58.80994749069214,1.6752641588449477,58.80070900917053
2,8192,-45.51044391185575,96.35714285714286,0.023809523809523808,0.2956585469433949,0.11411732674709388,-0.008724768974934705,48.21944973468781,1.67448013946414,48.210724997520444
3,12288,-46.59622631883693,97.5609756097561,0.024390243902439025,0.3211401346843781,0.11799962212127156,-0.008690076740458607,47.87288382053375,1.67486941665411,47.864193773269655
4,16384,-42.5364482131398,97.65853658536585,0.0,0.26230630214984824,0.10130083188414574,-0.011452115219435654,38.71967029571533,1.6753073632717133,38.70821821689606
5,20480,-42.06985466372082,92.97727272727273,0.06818181818181818,0.2903999325353652,0.09904915710318495,-0.009126050377381035,41.35269889831543,1.6736308738589287,41.34357290267944
